<?xml version="1.0" encoding="utf-8"?>
<System>
  <P Name="Location">[188, 0, 1338, 1047]</P>
  <P Name="SystemRect">[0.000000, 0.000000, 0.000000, 0.000000]</P>
  <P Name="SetExecutionDomain">off</P>
  <P Name="ExecutionDomainType">Deduce</P>
  <P Name="ZoomFactor">125</P>
  <P Name="SimulinkSubDomain">Simulink</P>
  <Block BlockType="Inport" Name="e [rpm]" SID="167">
    <P Name="Position">[-295, -17, -265, -3]</P>
    <P Name="ZOrder">-1</P>
  </Block>
  <Block BlockType="Gain" Name="AWU gain" SID="168">
    <P Name="Position">[85, 130, 115, 160]</P>
    <P Name="ZOrder">10</P>
    <P Name="BlockMirror">on</P>
    <P Name="NameLocation">top</P>
    <P Name="Gain">5/0.15</P>
  </Block>
  <Block BlockType="Sum" Name="Add" SID="169">
    <P Name="Ports">[2, 1]</P>
    <P Name="Position">[120, -33, 150, -2]</P>
    <P Name="ZOrder">5</P>
    <P Name="IconShape">rectangular</P>
  </Block>
  <Block BlockType="Delay" Name="Delay" SID="212">
    <P Name="Ports">[1, 1]</P>
    <P Name="Position">[175, 128, 210, 162]</P>
    <P Name="ZOrder">14</P>
    <P Name="BlockMirror">on</P>
    <P Name="NameLocation">top</P>
    <P Name="InputPortMap">u0</P>
    <P Name="DelayLength">1</P>
    <P Name="InitialCondition">0</P>
  </Block>
  <Block BlockType="DiscreteIntegrator" Name="Discrete-Time&#xA;Integrator" SID="170">
    <P Name="Ports">[1, 1]</P>
    <P Name="Position">[25, 49, 60, 81]</P>
    <P Name="ZOrder">11</P>
    <P Name="IntegratorMethod">Integration: Trapezoidal</P>
    <P Name="InitialConditionSetting">Auto</P>
    <P Name="SampleTime">Ts</P>
    <P Name="ICPrevOutput">DiscIntNeverNeededParam</P>
    <P Name="ICPrevScaledInput">DiscIntNeverNeededParam</P>
  </Block>
  <Block BlockType="Gain" Name="Gain" SID="171">
    <P Name="Position">[-200, -25, -170, 5]</P>
    <P Name="ZOrder">1</P>
    <P Name="Gain">rpm2rads</P>
  </Block>
  <Block BlockType="Gain" Name="I" SID="172">
    <P Name="Position">[-80, 50, -50, 80]</P>
    <P Name="ZOrder">3</P>
    <P Name="Gain">8.72</P>
  </Block>
  <Block BlockType="Gain" Name="P" SID="173">
    <P Name="Position">[-80, -105, -50, -75]</P>
    <P Name="ZOrder">2</P>
    <P Name="Gain">0.056</P>
  </Block>
  <Block BlockType="Saturate" Name="Saturation" SID="174">
    <P Name="Position">[230, -30, 260, 0]</P>
    <P Name="ZOrder">6</P>
    <P Name="UpperLimit">10</P>
    <P Name="LowerLimit">-10</P>
  </Block>
  <Block BlockType="Sum" Name="Sum1" SID="175">
    <P Name="Ports">[2, 1]</P>
    <P Name="Position">[-20, 55, 0, 75]</P>
    <P Name="ZOrder">8</P>
    <P Name="Inputs">|+-</P>
  </Block>
  <Block BlockType="Sum" Name="Sum2" SID="176">
    <P Name="Ports">[2, 1]</P>
    <P Name="Position">[235, 40, 255, 60]</P>
    <P Name="ZOrder">9</P>
    <P Name="BlockRotation">270</P>
    <P Name="BlockMirror">on</P>
    <P Name="NameLocation">left</P>
    <P Name="Inputs">+-</P>
  </Block>
  <Block BlockType="Outport" Name="u_sat [V]" SID="177">
    <P Name="Position">[370, -22, 400, -8]</P>
    <P Name="ZOrder">-2</P>
  </Block>
  <Block BlockType="Outport" Name="u [V]" SID="178">
    <P Name="Position">[370, -97, 400, -83]</P>
    <P Name="ZOrder">12</P>
    <P Name="Port">2</P>
  </Block>
  <Line>
    <P Name="ZOrder">1</P>
    <P Name="Src">167#out:1</P>
    <P Name="Dst">171#in:1</P>
  </Line>
  <Line>
    <P Name="ZOrder">2</P>
    <P Name="Src">173#out:1</P>
    <P Name="Points">[133, 0; 0, 65]</P>
    <P Name="Dst">169#in:1</P>
  </Line>
  <Line>
    <P Name="ZOrder">3</P>
    <P Name="Src">169#out:1</P>
    <P Name="Points">[37, 0]</P>
    <Branch>
      <P Name="ZOrder">4</P>
      <P Name="Points">[0, -75]</P>
      <P Name="Dst">178#in:1</P>
    </Branch>
    <Branch>
      <P Name="ZOrder">5</P>
      <P Name="Points">[0, 65]</P>
      <P Name="Dst">176#in:1</P>
    </Branch>
    <Branch>
      <P Name="ZOrder">6</P>
      <P Name="Dst">174#in:1</P>
    </Branch>
  </Line>
  <Line>
    <P Name="ZOrder">7</P>
    <P Name="Src">174#out:1</P>
    <P Name="Points">[26, 0]</P>
    <Branch>
      <P Name="ZOrder">8</P>
      <P Name="Points">[0, 65]</P>
      <P Name="Dst">176#in:2</P>
    </Branch>
    <Branch>
      <P Name="ZOrder">9</P>
      <P Name="Dst">177#in:1</P>
    </Branch>
  </Line>
  <Line>
    <P Name="ZOrder">10</P>
    <P Name="Src">171#out:1</P>
    <P Name="Points">[40, 0]</P>
    <Branch>
      <P Name="ZOrder">11</P>
      <P Name="Points">[0, 75]</P>
      <P Name="Dst">172#in:1</P>
    </Branch>
    <Branch>
      <P Name="ZOrder">12</P>
      <P Name="Points">[0, -80]</P>
      <P Name="Dst">173#in:1</P>
    </Branch>
  </Line>
  <Line>
    <P Name="ZOrder">13</P>
    <P Name="Src">175#out:1</P>
    <P Name="Dst">170#in:1</P>
  </Line>
  <Line>
    <P Name="ZOrder">14</P>
    <P Name="Src">172#out:1</P>
    <P Name="Dst">175#in:1</P>
  </Line>
  <Line>
    <P Name="ZOrder">15</P>
    <P Name="Src">168#out:1</P>
    <P Name="Points">[-90, 0]</P>
    <P Name="Dst">175#in:2</P>
  </Line>
  <Line>
    <P Name="ZOrder">17</P>
    <P Name="Src">170#out:1</P>
    <P Name="Points">[25, 0; 0, -75]</P>
    <P Name="Dst">169#in:2</P>
  </Line>
  <Line>
    <P Name="ZOrder">18</P>
    <P Name="Src">212#out:1</P>
    <P Name="Dst">168#in:1</P>
  </Line>
  <Line>
    <P Name="ZOrder">20</P>
    <P Name="Src">176#out:1</P>
    <P Name="Points">[0, 80]</P>
    <P Name="Dst">212#in:1</P>
  </Line>
</System>
