<?xml version="1.0" encoding="utf-8"?>
<System>
  <P Name="Location">[188, 0, 1338, 1047]</P>
  <P Name="SystemRect">[0.000000, 0.000000, 0.000000, 0.000000]</P>
  <P Name="Open">on</P>
  <P Name="SetExecutionDomain">off</P>
  <P Name="ExecutionDomainType">Deduce</P>
  <P Name="ZoomFactor">64</P>
  <P Name="ReportName">simulink-default.rpt</P>
  <P Name="SIDHighWatermark">212</P>
  <P Name="SimulinkSubDomain">Simulink</P>
  <Block BlockType="Sum" Name="Add" SID="8">
    <P Name="Ports">[2, 1]</P>
    <P Name="Position">[1350, 429, 1360, 496]</P>
    <P Name="ZOrder">8</P>
    <P Name="IconShape">rectangular</P>
    <P Name="Inputs">+-</P>
  </Block>
  <Block BlockType="Reference" Name="Analog Input" SID="1">
    <P Name="Ports">[0, 1]</P>
    <P Name="Position">[1180, 445, 1235, 485]</P>
    <P Name="ZOrder">1</P>
    <P Name="AttributesFormatString">National Instruments\nPCI-6221 [auto]</P>
    <P Name="LibraryVersion">1.242</P>
    <P Name="SourceBlock">sldrtlib/Analog Input</P>
    <P Name="SourceType">Simulink Desktop Real-Time Analog Input</P>
    <P Name="SourceProductBaseCode">WT</P>
    <InstanceData>
      <P Name="MultiThreadCoSim">auto</P>
      <P Name="SampleTime">-1</P>
      <P Name="MaxMissedTicks">10</P>
      <P Name="ShowMissedTicks">off</P>
      <P Name="YieldWhenWaiting">off</P>
      <P Name="DrvName">National_Instruments/PCI-6221</P>
      <P Name="DrvAddress">4294967295</P>
      <P Name="DrvOptions">[0 0 0 2 0]</P>
      <P Name="Channels">[1,2]</P>
      <P Name="RangeMode">1</P>
      <P Name="VoltRange">1</P>
      <P Name="DataType">1</P>
    </InstanceData>
  </Block>
  <Block BlockType="Reference" Name="Analog Output" SID="2">
    <P Name="Ports">[1]</P>
    <P Name="Position">[1030, 380, 1085, 420]</P>
    <P Name="ZOrder">2</P>
    <P Name="AttributesFormatString">National Instruments\nPCI-6221 [auto]</P>
    <P Name="LibraryVersion">1.242</P>
    <P Name="SourceBlock">sldrtlib/Analog Output</P>
    <P Name="SourceType">Simulink Desktop Real-Time Analog Output</P>
    <P Name="SourceProductBaseCode">WT</P>
    <InstanceData>
      <P Name="MultiThreadCoSim">auto</P>
      <P Name="SampleTime">-1</P>
      <P Name="MaxMissedTicks">10</P>
      <P Name="ShowMissedTicks">off</P>
      <P Name="YieldWhenWaiting">off</P>
      <P Name="DrvName">National_Instruments/PCI-6221</P>
      <P Name="DrvAddress">4294967295</P>
      <P Name="DrvOptions">[0 0 0 2 0]</P>
      <P Name="Channels">1</P>
      <P Name="RangeMode">1</P>
      <P Name="VoltRange">1</P>
      <P Name="InitialValue">0</P>
      <P Name="FinalValue">0</P>
    </InstanceData>
  </Block>
  <Block BlockType="Demux" Name="Demux" SID="6">
    <P Name="Ports">[1, 2]</P>
    <P Name="Position">[1295, 428, 1300, 497]</P>
    <P Name="ZOrder">6</P>
    <P Name="Outputs">2</P>
    <Port>
      <P Name="PortNumber">1</P>
      <P Name="Name">uRs1</P>
    </Port>
    <Port>
      <P Name="PortNumber">2</P>
      <P Name="Name">uRs2</P>
    </Port>
  </Block>
  <Block BlockType="SubSystem" Name="Discrete Speed Controller AWU" SID="166">
    <P Name="Ports">[1, 2]</P>
    <P Name="Position">[545, 392, 700, 463]</P>
    <P Name="ZOrder">115</P>
    <P Name="RequestExecContextInheritance">off</P>
    <System Ref="system_166"/>
  </Block>
  <Block BlockType="Reference" Name="Encoder Input" SID="3">
    <P Name="Ports">[0, 1]</P>
    <P Name="Position">[1030, 510, 1085, 550]</P>
    <P Name="ZOrder">3</P>
    <P Name="BlockMirror">on</P>
    <P Name="NameLocation">top</P>
    <P Name="AttributesFormatString">National Instruments\nPCI-6221 [auto]</P>
    <P Name="LibraryVersion">1.242</P>
    <P Name="SourceBlock">sldrtlib/Encoder Input</P>
    <P Name="SourceType">Simulink Desktop Real-Time Encoder Input</P>
    <P Name="SourceProductBaseCode">WT</P>
    <InstanceData>
      <P Name="MultiThreadCoSim">auto</P>
      <P Name="SampleTime">-1</P>
      <P Name="MaxMissedTicks">10</P>
      <P Name="ShowMissedTicks">off</P>
      <P Name="YieldWhenWaiting">on</P>
      <P Name="DrvName">National_Instruments/PCI-6221</P>
      <P Name="DrvAddress">4294967295</P>
      <P Name="DrvOptions">[0 0 0 2 0]</P>
      <P Name="Channels">1</P>
      <P Name="QuadMode">3</P>
      <P Name="IndexPulse">1</P>
      <P Name="InputFilter">Inf</P>
      <P Name="DataType">1</P>
    </InstanceData>
  </Block>
  <Block BlockType="From" Name="From" SID="156">
    <P Name="Position">[555, 1125, 620, 1155]</P>
    <P Name="ZOrder">103</P>
    <P Name="GotoTag">e</P>
  </Block>
  <Block BlockType="From" Name="From1" SID="125">
    <P Name="Position">[545, 1216, 610, 1244]</P>
    <P Name="ZOrder">88</P>
    <P Name="GotoTag">wl_meas</P>
  </Block>
  <Block BlockType="From" Name="From2" SID="126">
    <P Name="Position">[545, 1261, 610, 1289]</P>
    <P Name="ZOrder">89</P>
    <P Name="GotoTag">u</P>
  </Block>
  <Block BlockType="From" Name="From4" SID="128">
    <P Name="Position">[545, 1081, 610, 1109]</P>
    <P Name="ZOrder">92</P>
    <P Name="GotoTag">wl_ref</P>
  </Block>
  <Block BlockType="From" Name="From5" SID="129">
    <P Name="Position">[545, 1171, 610, 1199]</P>
    <P Name="ZOrder">94</P>
    <P Name="GotoTag">thl_meas</P>
  </Block>
  <Block BlockType="Gain" Name="Gain" SID="9">
    <P Name="Position">[1385, 450, 1415, 480]</P>
    <P Name="ZOrder">9</P>
    <P Name="Gain">1/0.5</P>
    <Port>
      <P Name="PortNumber">1</P>
      <P Name="Name">ia</P>
    </Port>
  </Block>
  <Block BlockType="Goto" Name="Goto" SID="138">
    <P Name="Position">[845, 331, 910, 359]</P>
    <P Name="ZOrder">97</P>
    <P Name="BlockMirror">on</P>
    <P Name="NameLocation">top</P>
    <P Name="GotoTag">u</P>
  </Block>
  <Block BlockType="Goto" Name="Goto1" SID="107">
    <P Name="Position">[500, 610, 565, 640]</P>
    <P Name="ZOrder">81</P>
    <P Name="GotoTag">wl_meas</P>
  </Block>
  <Block BlockType="Goto" Name="Goto4" SID="140">
    <P Name="Position">[300, 310, 365, 340]</P>
    <P Name="ZOrder">98</P>
    <P Name="BlockMirror">on</P>
    <P Name="NameLocation">top</P>
    <P Name="GotoTag">wl_ref</P>
  </Block>
  <Block BlockType="Goto" Name="Goto5" SID="108">
    <P Name="Position">[805, 595, 870, 625]</P>
    <P Name="ZOrder">82</P>
    <P Name="GotoTag">thl_meas</P>
  </Block>
  <Block BlockType="Goto" Name="Goto6" SID="141">
    <P Name="Position">[565, 350, 630, 380]</P>
    <P Name="ZOrder">101</P>
    <P Name="GotoTag">e</P>
  </Block>
  <Block BlockType="SubSystem" Name="Speed Filter1" SID="184">
    <P Name="Ports">[1, 1]</P>
    <P Name="Position">[490, 514, 660, 596]</P>
    <P Name="ZOrder">109</P>
    <P Name="BlockMirror">on</P>
    <P Name="NameLocation">top</P>
    <P Name="RequestExecContextInheritance">off</P>
    <Port>
      <P Name="PortNumber">1</P>
      <P Name="Name">wl_meas</P>
    </Port>
    <System Ref="system_184"/>
  </Block>
  <Block BlockType="Step" Name="Step" SID="199">
    <P Name="Position">[300, 410, 335, 450]</P>
    <P Name="ZOrder">118</P>
    <P Name="After">250</P>
    <P Name="SampleTime">0</P>
  </Block>
  <Block BlockType="Sum" Name="Sum1" SID="200">
    <P Name="Ports">[2, 1]</P>
    <P Name="Position">[400, 420, 420, 440]</P>
    <P Name="ZOrder">114</P>
    <P Name="Inputs">|+-</P>
  </Block>
  <Block BlockType="Terminator" Name="Terminator" SID="10">
    <P Name="Position">[1475, 455, 1495, 475]</P>
    <P Name="ZOrder">10</P>
  </Block>
  <Block BlockType="Terminator" Name="Terminator2" SID="201">
    <P Name="Position">[720, 425, 755, 465]</P>
    <P Name="ZOrder">117</P>
  </Block>
  <Block BlockType="ToWorkspace" Name="To Workspace1" SID="132">
    <P Name="Ports">[1]</P>
    <P Name="Position">[645, 1214, 785, 1246]</P>
    <P Name="ZOrder">84</P>
    <P Name="VariableName">wl_meas</P>
    <P Name="MaxDataPoints">inf</P>
    <P Name="SaveFormat">Structure With Time</P>
    <P Name="Save2DSignal">2-D array (concatenate along first dimension)</P>
    <P Name="SampleTime">-1</P>
  </Block>
  <Block BlockType="ToWorkspace" Name="To Workspace2" SID="133">
    <P Name="Ports">[1]</P>
    <P Name="Position">[645, 1259, 785, 1291]</P>
    <P Name="ZOrder">85</P>
    <P Name="VariableName">u</P>
    <P Name="MaxDataPoints">inf</P>
    <P Name="SaveFormat">Structure With Time</P>
    <P Name="Save2DSignal">2-D array (concatenate along first dimension)</P>
    <P Name="SampleTime">-1</P>
  </Block>
  <Block BlockType="ToWorkspace" Name="To Workspace3" SID="67">
    <P Name="Ports">[1]</P>
    <P Name="Position">[1385, 560, 1475, 590]</P>
    <P Name="ZOrder">72</P>
    <P Name="VariableName">ia</P>
    <P Name="MaxDataPoints">inf</P>
    <P Name="SaveFormat">Structure With Time</P>
    <P Name="FixptAsFi">on</P>
    <P Name="SampleTime">-1</P>
  </Block>
  <Block BlockType="ToWorkspace" Name="To Workspace4" SID="157">
    <P Name="Ports">[1]</P>
    <P Name="Position">[645, 1124, 785, 1156]</P>
    <P Name="ZOrder">104</P>
    <P Name="VariableName">e</P>
    <P Name="MaxDataPoints">inf</P>
    <P Name="SaveFormat">Structure With Time</P>
    <P Name="Save2DSignal">2-D array (concatenate along first dimension)</P>
    <P Name="SampleTime">-1</P>
  </Block>
  <Block BlockType="ToWorkspace" Name="To Workspace5" SID="135">
    <P Name="Ports">[1]</P>
    <P Name="Position">[645, 1079, 785, 1111]</P>
    <P Name="ZOrder">91</P>
    <P Name="VariableName">wl_ref</P>
    <P Name="MaxDataPoints">inf</P>
    <P Name="SaveFormat">Structure With Time</P>
    <P Name="Save2DSignal">2-D array (concatenate along first dimension)</P>
    <P Name="SampleTime">-1</P>
  </Block>
  <Block BlockType="ToWorkspace" Name="To Workspace6" SID="136">
    <P Name="Ports">[1]</P>
    <P Name="Position">[645, 1169, 785, 1201]</P>
    <P Name="ZOrder">93</P>
    <P Name="VariableName">thl_meas</P>
    <P Name="MaxDataPoints">inf</P>
    <P Name="SaveFormat">Structure With Time</P>
    <P Name="Save2DSignal">2-D array (concatenate along first dimension)</P>
    <P Name="SampleTime">-1</P>
  </Block>
  <Block BlockType="Gain" Name="pulse2deg1" SID="207">
    <P Name="Position">[820, 532, 855, 578]</P>
    <P Name="ZOrder">108</P>
    <P Name="BlockMirror">on</P>
    <P Name="NameLocation">top</P>
    <P Name="Gain">sens.enc.pulse2deg</P>
    <Port>
      <P Name="PortNumber">1</P>
      <P Name="Name">thl_meas</P>
    </Port>
  </Block>
  <Block BlockType="Scope" Name="Scope" SID="159">
    <P Name="Ports">[]</P>
    <P Name="Position">[185, 14, 215, 46]</P>
    <P Name="ZOrder">105</P>
    <P Name="IOType">viewer</P>
    <P Name="ScopeSpecificationString">Simulink.scopes.TimeScopeBlockCfg(&apos;CurrentConfiguration&apos;, extmgr.ConfigurationSet(extmgr.Configuration(&apos;Core&apos;,&apos;General UI&apos;,true),extmgr.Configuration(&apos;Core&apos;,&apos;Source UI&apos;,true),extmgr.Configuration(&apos;Sources&apos;,&apos;WiredSimulink&apos;,true),extmgr.Configuration(&apos;Visuals&apos;,&apos;Time Domain&apos;,true,&apos;SerializedDisplays&apos;,{struct(&apos;MinYLimReal&apos;,&apos;-562.5&apos;,&apos;MaxYLimReal&apos;,&apos;562.5&apos;,&apos;YLabelReal&apos;,&apos;&apos;,&apos;MinYLimMag&apos;,&apos; 0.00000&apos;,&apos;MaxYLimMag&apos;,&apos;562.5&apos;,&apos;LegendVisibility&apos;,&apos;off&apos;,&apos;XGrid&apos;,true,&apos;YGrid&apos;,true,&apos;PlotMagPhase&apos;,false,&apos;AxesColor&apos;,[0 0 0],&apos;AxesTickColor&apos;,[0.686274509803922 0.686274509803922 0.686274509803922],&apos;ColorOrder&apos;,[1 1 0.0666666666666667;0.0745098039215686 0.623529411764706 1;1 0.411764705882353 0.16078431372549;0.392156862745098 0.831372549019608 0.0745098039215686;0.717647058823529 0.274509803921569 1;0.0588235294117647 1 1;1 0.0745098039215686 0.650980392156863],&apos;Title&apos;,&apos;%&lt;SignalLabel&gt;&apos;,&apos;LinePropertiesCache&apos;,{{}},&apos;UserDefinedChannelNames&apos;,{{}},&apos;NumLines&apos;,1,&apos;LineNames&apos;,{{&apos;3&apos;}},&apos;ShowContent&apos;,true,&apos;Placement&apos;,1)},&apos;DisplayPropertyDefaults&apos;,struct(&apos;MinYLimReal&apos;,&apos;-562.5&apos;,&apos;MaxYLimReal&apos;,&apos;562.5&apos;,&apos;YLabelReal&apos;,&apos;&apos;,&apos;MinYLimMag&apos;,&apos; 0.00000&apos;,&apos;MaxYLimMag&apos;,&apos;562.5&apos;,&apos;LegendVisibility&apos;,&apos;off&apos;,&apos;XGrid&apos;,true,&apos;YGrid&apos;,true,&apos;PlotMagPhase&apos;,false,&apos;AxesColor&apos;,[0 0 0],&apos;AxesTickColor&apos;,[0.686274509803922 0.686274509803922 0.686274509803922],&apos;ColorOrder&apos;,[0.0745098039215686 0.623529411764706 1;1 0.411764705882353 0.16078431372549;1 1 0.0666666666666667;0.717647058823529 0.274509803921569 1;0.392156862745098 0.831372549019608 0.0745098039215686;0.0588235294117647 1 1;1 0.0745098039215686 0.650980392156863])),extmgr.Configuration(&apos;Tools&apos;,&apos;Plot Navigation&apos;,true),extmgr.Configuration(&apos;Tools&apos;,&apos;Measurements&apos;,true,&apos;Version&apos;,&apos;2020b&apos;)),&apos;Version&apos;,&apos;2020b&apos;,&apos;Position&apos;,[177 124 560 420])</P>
    <P Name="NumInputPorts">1</P>
    <P Name="Floating">off</P>
  </Block>
  <Line>
    <P Name="ZOrder">4</P>
    <P Name="Src">1#out:1</P>
    <P Name="Dst">6#in:1</P>
  </Line>
  <Line>
    <P Name="Name">uRs1</P>
    <P Name="ZOrder">7</P>
    <P Name="Labels">[-1, 0]</P>
    <P Name="Src">6#out:1</P>
    <P Name="Dst">8#in:1</P>
  </Line>
  <Line>
    <P Name="Name">uRs2</P>
    <P Name="ZOrder">6</P>
    <P Name="Labels">[-1, 0]</P>
    <P Name="Src">6#out:2</P>
    <P Name="Dst">8#in:2</P>
  </Line>
  <Line>
    <P Name="ZOrder">12</P>
    <P Name="Src">8#out:1</P>
    <P Name="Dst">9#in:1</P>
  </Line>
  <Line>
    <P Name="Name">ia</P>
    <P Name="ZOrder">13</P>
    <P Name="Src">9#out:1</P>
    <P Name="Points">[9, 0]</P>
    <Branch>
      <P Name="ZOrder">225</P>
      <P Name="Points">[0, 64; -68, 0; 0, 46]</P>
      <P Name="Dst">67#in:1</P>
    </Branch>
    <Branch>
      <P Name="ZOrder">224</P>
      <P Name="Labels">[1, 1]</P>
      <P Name="Dst">10#in:1</P>
    </Branch>
  </Line>
  <Line>
    <P Name="ZOrder">375</P>
    <P Name="Src">3#out:1</P>
    <P Name="Points">[-82, 0; 0, 25]</P>
    <P Name="Dst">207#in:1</P>
  </Line>
  <Line>
    <P Name="ZOrder">292</P>
    <P Name="Src">128#out:1</P>
    <P Name="Dst">135#in:1</P>
  </Line>
  <Line>
    <P Name="ZOrder">293</P>
    <P Name="Src">125#out:1</P>
    <P Name="Dst">132#in:1</P>
  </Line>
  <Line>
    <P Name="ZOrder">295</P>
    <P Name="Src">126#out:1</P>
    <P Name="Dst">133#in:1</P>
  </Line>
  <Line>
    <P Name="ZOrder">296</P>
    <P Name="Src">129#out:1</P>
    <P Name="Dst">136#in:1</P>
  </Line>
  <Line>
    <P Name="ZOrder">329</P>
    <P Name="Src">156#out:1</P>
    <P Name="Dst">157#in:1</P>
  </Line>
  <Line>
    <P Name="Name">thl_meas</P>
    <P Name="ZOrder">349</P>
    <P Name="Src">207#out:1</P>
    <P Name="Points">[-37, 0]</P>
    <Branch>
      <P Name="ZOrder">371</P>
      <P Name="Points">[0, 55]</P>
      <P Name="Dst">108#in:1</P>
    </Branch>
    <Branch>
      <P Name="ZOrder">347</P>
      <P Name="Labels">[1, 1]</P>
      <P Name="Dst">184#in:1</P>
    </Branch>
  </Line>
  <Line>
    <P Name="ZOrder">350</P>
    <P Name="Src">166#out:2</P>
    <P Name="Dst">201#in:1</P>
  </Line>
  <Line>
    <P Name="ZOrder">357</P>
    <P Name="Src">200#out:1</P>
    <P Name="Points">[105, 0]</P>
    <Branch>
      <P Name="ZOrder">406</P>
      <P Name="Points">[0, -65]</P>
      <P Name="Dst">141#in:1</P>
    </Branch>
    <Branch>
      <P Name="ZOrder">405</P>
      <P Name="Dst">166#in:1</P>
    </Branch>
  </Line>
  <Line>
    <P Name="Name">wl_meas</P>
    <P Name="ZOrder">361</P>
    <P Name="Src">184#out:1</P>
    <P Name="Points">[-15, 0]</P>
    <Branch>
      <P Name="ZOrder">370</P>
      <P Name="Points">[0, 70]</P>
      <P Name="Dst">107#in:1</P>
    </Branch>
    <Branch>
      <P Name="ZOrder">360</P>
      <P Name="Labels">[1, 1]</P>
      <P Name="Points">[-60, 0]</P>
      <P Name="Dst">200#in:2</P>
    </Branch>
  </Line>
  <Line>
    <P Name="ZOrder">365</P>
    <P Name="Src">199#out:1</P>
    <P Name="Points">[40, 0]</P>
    <Branch>
      <P Name="ZOrder">367</P>
      <P Name="Dst">140#in:1</P>
    </Branch>
    <Branch>
      <P Name="ZOrder">363</P>
      <P Name="Dst">200#in:1</P>
    </Branch>
  </Line>
  <Line>
    <P Name="ZOrder">402</P>
    <P Name="Src">166#out:1</P>
    <P Name="Points">[219, 0; 0, -10]</P>
    <Branch>
      <P Name="ZOrder">399</P>
      <P Name="Dst">2#in:1</P>
    </Branch>
    <Branch>
      <P Name="ZOrder">369</P>
      <P Name="Points">[0, -55]</P>
      <P Name="Dst">138#in:1</P>
    </Branch>
  </Line>
  <Annotation SID="15">
    <P Name="Name">DC servomotor</P>
    <P Name="Position">[969, 330, 1568, 605]</P>
    <P Name="InternalMargins">[0, 0, 0, 0]</P>
    <P Name="FixedWidth">on</P>
    <P Name="ForegroundColor">[0.996078, 0.968627, 0.909804]</P>
    <P Name="BackgroundColor">[0.996078, 0.968627, 0.909804]</P>
    <P Name="DropShadow">on</P>
    <P Name="AnnotationType">area_annotation</P>
    <P Name="ZOrder">348</P>
    <P Name="FontSize">12</P>
  </Annotation>
  <Annotation SID="11">
    <P Name="Name">Current Sense
</P>
    <P Name="Position">[1155, 379, 1516, 548]</P>
    <P Name="InternalMargins">[0, 0, 0, 0]</P>
    <P Name="FixedWidth">on</P>
    <P Name="ForegroundColor">white</P>
    <P Name="DropShadow">on</P>
    <P Name="AnnotationType">area_annotation</P>
    <P Name="ZOrder">349</P>
    <P Name="FontSize">12</P>
  </Annotation>
</System>
