<?xml version="1.0" encoding="utf-8"?>
<System>
  <P Name="Location">[16, 41, 1888, 961]</P>
  <P Name="SystemRect">[0.000000, 0.000000, 0.000000, 0.000000]</P>
  <P Name="SetExecutionDomain">off</P>
  <P Name="ExecutionDomainType">Deduce</P>
  <P Name="ZoomFactor">125</P>
  <P Name="SimulinkSubDomain">Simulink</P>
  <Block BlockType="Inport" Name="th [deg]" SID="185">
    <P Name="Position">[-270, 118, -240, 132]</P>
    <P Name="ZOrder">20</P>
  </Block>
  <Block BlockType="Constant" Name="Constant" SID="186">
    <P Name="Position">[260, 60, 290, 90]</P>
    <P Name="ZOrder">27</P>
    <P Name="Value">4</P>
  </Block>
  <Block BlockType="Delay" Name="Delay" SID="187">
    <P Name="Ports">[1, 1]</P>
    <P Name="Position">[-55, 263, -20, 297]</P>
    <P Name="ZOrder">29</P>
    <P Name="InputPortMap">u0</P>
    <P Name="DelayLength">10</P>
    <P Name="InitialCondition">0</P>
  </Block>
  <Block BlockType="DiscreteTransferFcn" Name="Discrete&#xA;Transfer Fcn" SID="188">
    <P Name="Ports">[1, 1]</P>
    <P Name="Position">[-10, 349, 60, 381]</P>
    <P Name="ZOrder">30</P>
    <P Name="InputPortMap">u0</P>
    <P Name="Numerator">numF</P>
    <P Name="Denominator">denF</P>
    <P Name="SampleTime">Ts</P>
  </Block>
  <Block BlockType="Gain" Name="Gain" SID="189">
    <P Name="Position">[110, 210, 140, 240]</P>
    <P Name="ZOrder">24</P>
    <P Name="Gain">1/(1e-2)</P>
  </Block>
  <Block BlockType="MultiPortSwitch" Name="Multiport&#xA;Switch" SID="190">
    <P Name="Ports">[5, 1]</P>
    <P Name="Position">[340, 75, 375, 175]</P>
    <P Name="ZOrder">26</P>
    <P Name="Inputs">4</P>
    <P Name="InputSameDT">off</P>
    <P Name="SaturateOnIntegerOverflow">off</P>
  </Block>
  <Block BlockType="Sum" Name="Sum" SID="191">
    <P Name="Ports">[2, 1]</P>
    <P Name="Position">[25, 215, 45, 235]</P>
    <P Name="ZOrder">23</P>
    <P Name="Inputs">|+-</P>
  </Block>
  <Block BlockType="TransferFcn" Name="Transfer Fcn" SID="192">
    <P Name="Position">[-60, -16, 100, 36]</P>
    <P Name="ZOrder">21</P>
    <P Name="Numerator">[1 0]</P>
    <P Name="Denominator">[filt.Tc 1]</P>
  </Block>
  <Block BlockType="TransferFcn" Name="Transfer Fcn1" SID="193">
    <P Name="Position">[-135, 89, 180, 161]</P>
    <P Name="ZOrder">22</P>
    <P Name="Numerator">[filt.omega^2 0]</P>
    <P Name="Denominator">[1 2*filt.delta*filt.omega filt.omega^2]</P>
  </Block>
  <Block BlockType="Gain" Name="degs2rpm" SID="194">
    <P Name="Position">[430, 110, 460, 140]</P>
    <P Name="ZOrder">28</P>
    <P Name="Gain">degs2rpm</P>
  </Block>
  <Block BlockType="Outport" Name="w [rpm]" SID="195">
    <P Name="Position">[515, 118, 545, 132]</P>
    <P Name="ZOrder">19</P>
  </Block>
  <Line>
    <P Name="ZOrder">1</P>
    <P Name="Src">194#out:1</P>
    <P Name="Dst">195#in:1</P>
  </Line>
  <Line>
    <P Name="ZOrder">2</P>
    <P Name="Src">193#out:1</P>
    <P Name="Dst">190#in:3</P>
  </Line>
  <Line>
    <P Name="ZOrder">3</P>
    <P Name="Src">190#out:1</P>
    <P Name="Dst">194#in:1</P>
  </Line>
  <Line>
    <P Name="ZOrder">4</P>
    <P Name="Src">189#out:1</P>
    <P Name="Points">[80, 0; 0, -80]</P>
    <P Name="Dst">190#in:4</P>
  </Line>
  <Line>
    <P Name="ZOrder">5</P>
    <P Name="Src">187#out:1</P>
    <P Name="Points">[50, 0]</P>
    <P Name="Dst">191#in:2</P>
  </Line>
  <Line>
    <P Name="ZOrder">6</P>
    <P Name="Src">191#out:1</P>
    <P Name="Dst">189#in:1</P>
  </Line>
  <Line>
    <P Name="ZOrder">7</P>
    <P Name="Src">186#out:1</P>
    <P Name="Points">[12, 0; 0, 10]</P>
    <P Name="Dst">190#in:1</P>
  </Line>
  <Line>
    <P Name="ZOrder">8</P>
    <P Name="Src">192#out:1</P>
    <P Name="Points">[118, 0; 0, 95]</P>
    <P Name="Dst">190#in:2</P>
  </Line>
  <Line>
    <P Name="ZOrder">9</P>
    <P Name="Src">185#out:1</P>
    <P Name="Points">[56, 0]</P>
    <Branch>
      <P Name="ZOrder">10</P>
      <P Name="Points">[0, 100]</P>
      <Branch>
        <P Name="ZOrder">11</P>
        <P Name="Points">[0, 140]</P>
        <P Name="Dst">188#in:1</P>
      </Branch>
      <Branch>
        <P Name="ZOrder">12</P>
        <P Name="Points">[90, 0]</P>
        <Branch>
          <P Name="ZOrder">13</P>
          <P Name="Points">[0, 55]</P>
          <P Name="Dst">187#in:1</P>
        </Branch>
        <Branch>
          <P Name="ZOrder">14</P>
          <P Name="Dst">191#in:1</P>
        </Branch>
      </Branch>
    </Branch>
    <Branch>
      <P Name="ZOrder">15</P>
      <P Name="Points">[0, -115]</P>
      <P Name="Dst">192#in:1</P>
    </Branch>
    <Branch>
      <P Name="ZOrder">16</P>
      <P Name="Dst">193#in:1</P>
    </Branch>
  </Line>
  <Line>
    <P Name="ZOrder">17</P>
    <P Name="Src">188#out:1</P>
    <P Name="Points">[218, 0; 0, -200]</P>
    <P Name="Dst">190#in:5</P>
  </Line>
  <Annotation SID="198">
    <P Name="Name">Filtro passa alto - tempo discreto
</P>
    <P Name="Position">[-108, 195, 152, 313]</P>
    <P Name="InternalMargins">[0, 0, 0, 0]</P>
    <P Name="FixedHeight">on</P>
    <P Name="FixedWidth">on</P>
    <P Name="ForegroundColor">[0.901961, 0.901961, 1.000000]</P>
    <P Name="BackgroundColor">[0.901961, 0.901961, 1.000000]</P>
    <P Name="DropShadow">on</P>
    <P Name="AnnotationType">area_annotation</P>
    <P Name="ZOrder">-1</P>
    <P Name="FontSize">12</P>
  </Annotation>
  <Annotation SID="197">
    <P Name="Name">Filtro del secondo ordine - tempo continuo

</P>
    <P Name="Position">[-148, 66, 207, 186]</P>
    <P Name="InternalMargins">[0, 0, 0, 0]</P>
    <P Name="FixedWidth">on</P>
    <P Name="ForegroundColor">[0.901961, 0.901961, 1.000000]</P>
    <P Name="BackgroundColor">[0.901961, 0.901961, 1.000000]</P>
    <P Name="DropShadow">on</P>
    <P Name="AnnotationType">area_annotation</P>
    <P Name="ZOrder">-2</P>
    <P Name="FontSize">12</P>
  </Annotation>
  <Annotation SID="196">
    <P Name="Name">Filtro del primo ordine - tempo continuo
</P>
    <P Name="Position">[-100, -44, 144, 55]</P>
    <P Name="InternalMargins">[0, 0, 0, 0]</P>
    <P Name="FixedHeight">on</P>
    <P Name="FixedWidth">on</P>
    <P Name="ForegroundColor">[0.901961, 0.901961, 1.000000]</P>
    <P Name="BackgroundColor">[0.901961, 0.901961, 1.000000]</P>
    <P Name="DropShadow">on</P>
    <P Name="AnnotationType">area_annotation</P>
    <P Name="ZOrder">-3</P>
    <P Name="FontSize">12</P>
  </Annotation>
</System>
