<?xml version="1.0" encoding="utf-8"?>
<System>
  <P Name="Location">[0, 0, 1920, 1080]</P>
  <P Name="SystemRect">[0.000000, 0.000000, 0.000000, 0.000000]</P>
  <P Name="SetExecutionDomain">off</P>
  <P Name="ExecutionDomainType">Deduce</P>
  <P Name="SimulinkSubDomain">Simulink</P>
  <Block BlockType="Inport" Name="u [V]" SID="5">
    <P Name="Position">[20, 53, 50, 67]</P>
    <P Name="ZOrder">4</P>
  </Block>
  <Block BlockType="Saturate" Name="Saturation" SID="3">
    <P Name="Position">[345, 30, 400, 90]</P>
    <P Name="ZOrder">3</P>
    <P Name="UpperLimit">12</P>
    <P Name="LowerLimit">-12</P>
  </Block>
  <Block BlockType="TransferFcn" Name="Transfer Fcn" SID="2">
    <P Name="Position">[70, 24, 240, 96]</P>
    <P Name="ZOrder">2</P>
    <P Name="Numerator">[drv.dcgain]</P>
    <P Name="Denominator">[drv.Tc 1]</P>
  </Block>
  <Block BlockType="Outport" Name="udrv [V]" SID="6">
    <P Name="Position">[420, 53, 450, 67]</P>
    <P Name="ZOrder">5</P>
  </Block>
  <Line>
    <P Name="ZOrder">4</P>
    <P Name="Src">5#out:1</P>
    <P Name="Dst">2#in:1</P>
  </Line>
  <Line>
    <P Name="ZOrder">5</P>
    <P Name="Src">3#out:1</P>
    <P Name="Dst">6#in:1</P>
  </Line>
  <Line>
    <P Name="ZOrder">1</P>
    <P Name="Src">2#out:1</P>
    <P Name="Dst">3#in:1</P>
  </Line>
</System>
