<?xml version="1.0" encoding="utf-8"?>
<System>
  <P Name="Location">[0, 25, 1920, 993]</P>
  <P Name="SystemRect">[0.000000, 0.000000, 0.000000, 0.000000]</P>
  <P Name="Open">on</P>
  <P Name="SetExecutionDomain">off</P>
  <P Name="ExecutionDomainType">Deduce</P>
  <P Name="ZoomFactor">125</P>
  <P Name="ReportName">simulink-default.rpt</P>
  <P Name="SIDHighWatermark">123</P>
  <P Name="SimulinkSubDomain">Simulink</P>
  <Block BlockType="Reference" Name="1" SID="30">
    <P Name="Ports">[0, 1]</P>
    <P Name="Position">[265, 185, 310, 235]</P>
    <P Name="ZOrder">20</P>
    <P Name="LibraryVersion">1.480</P>
    <P Name="SourceBlock">simulink/Sources/Repeating
Sequence
Stair</P>
    <P Name="SourceType">Repeating Sequence Stair</P>
    <P Name="SourceProductBaseCode">SL</P>
    <InstanceData>
      <P Name="RTWMemSecFuncInitTerm">Inherit from model</P>
      <P Name="RTWMemSecFuncExecute">Inherit from model</P>
      <P Name="RTWMemSecDataConstants">Inherit from model</P>
      <P Name="RTWMemSecDataInternal">Inherit from model</P>
      <P Name="RTWMemSecDataParameters">Inherit from model</P>
      <P Name="ContentPreviewEnabled">on</P>
      <P Name="OutValues">[250 -250].&apos;</P>
      <P Name="tsamp">1.5</P>
      <P Name="OutMin">[]</P>
      <P Name="OutMax">[]</P>
      <P Name="OutDataTypeStr">double</P>
      <P Name="OutputDataTypeScalingMode">double</P>
      <P Name="OutDataType">fixdt(0,8)</P>
      <P Name="ConRadixGroup">Best Precision: Vector-wise</P>
      <P Name="OutScaling">2^-12</P>
      <P Name="LockScale">off</P>
    </InstanceData>
  </Block>
  <Block BlockType="Reference" Name="2" SID="121">
    <P Name="Ports">[0, 1]</P>
    <P Name="Position">[265, 250, 310, 300]</P>
    <P Name="ZOrder">59</P>
    <P Name="LibraryVersion">1.480</P>
    <P Name="SourceBlock">simulink/Sources/Repeating
Sequence
Stair</P>
    <P Name="SourceType">Repeating Sequence Stair</P>
    <P Name="SourceProductBaseCode">SL</P>
    <InstanceData>
      <P Name="RTWMemSecFuncInitTerm">Inherit from model</P>
      <P Name="RTWMemSecFuncExecute">Inherit from model</P>
      <P Name="RTWMemSecDataConstants">Inherit from model</P>
      <P Name="RTWMemSecDataInternal">Inherit from model</P>
      <P Name="RTWMemSecDataParameters">Inherit from model</P>
      <P Name="ContentPreviewEnabled">on</P>
      <P Name="OutValues">[0 50 100 150 200 250 300 350 400 450 ].&apos;</P>
      <P Name="tsamp">5</P>
      <P Name="OutMin">[]</P>
      <P Name="OutMax">[]</P>
      <P Name="OutDataTypeStr">double</P>
      <P Name="OutputDataTypeScalingMode">double</P>
      <P Name="OutDataType">fixdt(0,8)</P>
      <P Name="ConRadixGroup">Best Precision: Vector-wise</P>
      <P Name="OutScaling">2^-12</P>
      <P Name="LockScale">off</P>
    </InstanceData>
  </Block>
  <Block BlockType="Reference" Name="3" SID="122">
    <P Name="Ports">[0, 1]</P>
    <P Name="Position">[265, 315, 310, 365]</P>
    <P Name="ZOrder">60</P>
    <P Name="LibraryVersion">1.480</P>
    <P Name="SourceBlock">simulink/Sources/Repeating
Sequence
Stair</P>
    <P Name="SourceType">Repeating Sequence Stair</P>
    <P Name="SourceProductBaseCode">SL</P>
    <InstanceData>
      <P Name="RTWMemSecFuncInitTerm">Inherit from model</P>
      <P Name="RTWMemSecFuncExecute">Inherit from model</P>
      <P Name="RTWMemSecDataConstants">Inherit from model</P>
      <P Name="RTWMemSecDataInternal">Inherit from model</P>
      <P Name="RTWMemSecDataParameters">Inherit from model</P>
      <P Name="ContentPreviewEnabled">on</P>
      <P Name="OutValues">[450 -450].&apos;</P>
      <P Name="tsamp">1</P>
      <P Name="OutMin">[]</P>
      <P Name="OutMax">[]</P>
      <P Name="OutDataTypeStr">double</P>
      <P Name="OutputDataTypeScalingMode">double</P>
      <P Name="OutDataType">fixdt(0,8)</P>
      <P Name="ConRadixGroup">Best Precision: Vector-wise</P>
      <P Name="OutScaling">2^-12</P>
      <P Name="LockScale">off</P>
    </InstanceData>
  </Block>
  <Block BlockType="Constant" Name="Constant" SID="119">
    <P Name="Position">[390, 210, 420, 240]</P>
    <P Name="ZOrder">58</P>
    <P Name="Value">3</P>
  </Block>
  <Block BlockType="SubSystem" Name="Dac" SID="10">
    <P Name="Ports">[1, 1]</P>
    <P Name="Position">[765, 224, 900, 306]</P>
    <P Name="ZOrder">9</P>
    <P Name="RequestExecContextInheritance">off</P>
    <Port>
      <P Name="PortNumber">1</P>
      <P Name="Name">u</P>
    </Port>
    <System Ref="system_10"/>
  </Block>
  <Block BlockType="SubSystem" Name="Encoder" SID="16">
    <P Name="Ports">[1, 1]</P>
    <P Name="Position">[1275, 474, 1445, 556]</P>
    <P Name="ZOrder">13</P>
    <P Name="BlockMirror">on</P>
    <P Name="NameLocation">top</P>
    <P Name="RequestExecContextInheritance">off</P>
    <System Ref="system_16"/>
  </Block>
  <Block BlockType="From" Name="From" SID="82">
    <P Name="Position">[355, 791, 420, 819]</P>
    <P Name="ZOrder">28</P>
    <P Name="GotoTag">thl</P>
  </Block>
  <Block BlockType="From" Name="From1" SID="87">
    <P Name="Position">[355, 881, 420, 909]</P>
    <P Name="ZOrder">32</P>
    <P Name="GotoTag">wl_meas</P>
  </Block>
  <Block BlockType="From" Name="From2" SID="88">
    <P Name="Position">[355, 926, 420, 954]</P>
    <P Name="ZOrder">33</P>
    <P Name="GotoTag">u</P>
  </Block>
  <Block BlockType="From" Name="From3" SID="89">
    <P Name="Position">[355, 971, 420, 999]</P>
    <P Name="ZOrder">34</P>
    <P Name="GotoTag">ia</P>
  </Block>
  <Block BlockType="From" Name="From4" SID="95">
    <P Name="Position">[355, 746, 420, 774]</P>
    <P Name="ZOrder">40</P>
    <P Name="GotoTag">wl_ref</P>
  </Block>
  <Block BlockType="From" Name="From5" SID="100">
    <P Name="Position">[355, 836, 420, 864]</P>
    <P Name="ZOrder">47</P>
    <P Name="GotoTag">thl_meas</P>
  </Block>
  <Block BlockType="From" Name="From6" SID="116">
    <P Name="Position">[355, 701, 420, 729]</P>
    <P Name="ZOrder">55</P>
    <P Name="GotoTag">e</P>
  </Block>
  <Block BlockType="Goto" Name="Goto" SID="83">
    <P Name="Position">[1400, 160, 1465, 190]</P>
    <P Name="ZOrder">29</P>
    <P Name="BlockMirror">on</P>
    <P Name="NameLocation">top</P>
    <P Name="GotoTag">thl</P>
  </Block>
  <Block BlockType="Goto" Name="Goto1" SID="84">
    <P Name="Position">[750, 570, 815, 600]</P>
    <P Name="ZOrder">42</P>
    <P Name="GotoTag">wl_meas</P>
  </Block>
  <Block BlockType="Goto" Name="Goto2" SID="85">
    <P Name="Position">[835, 185, 900, 215]</P>
    <P Name="ZOrder">31</P>
    <P Name="BlockMirror">on</P>
    <P Name="NameLocation">top</P>
    <P Name="GotoTag">u</P>
  </Block>
  <Block BlockType="Goto" Name="Goto3" SID="93">
    <P Name="Position">[1400, 350, 1465, 380]</P>
    <P Name="ZOrder">37</P>
    <P Name="BlockMirror">on</P>
    <P Name="NameLocation">top</P>
    <P Name="GotoTag">ia</P>
  </Block>
  <Block BlockType="Goto" Name="Goto4" SID="97">
    <P Name="Position">[415, 170, 480, 200]</P>
    <P Name="ZOrder">41</P>
    <P Name="BlockMirror">on</P>
    <P Name="NameLocation">top</P>
    <P Name="GotoTag">wl_ref</P>
  </Block>
  <Block BlockType="Goto" Name="Goto5" SID="99">
    <P Name="Position">[1065, 560, 1130, 590]</P>
    <P Name="ZOrder">45</P>
    <P Name="GotoTag">thl_meas</P>
  </Block>
  <Block BlockType="Goto" Name="Goto6" SID="115">
    <P Name="Position">[585, 185, 650, 215]</P>
    <P Name="ZOrder">53</P>
    <P Name="GotoTag">e</P>
  </Block>
  <Block BlockType="Integrator" Name="Integrator" SID="123">
    <P Name="Ports">[1, 1]</P>
    <P Name="Position">[330, 325, 360, 355]</P>
    <P Name="ZOrder">61</P>
  </Block>
  <Block BlockType="MultiPortSwitch" Name="Multiport&#xA;Switch" SID="120">
    <P Name="Ports">[4, 1]</P>
    <P Name="Position">[445, 213, 480, 312]</P>
    <P Name="ZOrder">57</P>
    <P Name="InputSameDT">off</P>
    <P Name="SaturateOnIntegerOverflow">off</P>
  </Block>
  <Block BlockType="SubSystem" Name="Speed Controller" SID="106">
    <P Name="Ports">[1, 1]</P>
    <P Name="Position">[585, 228, 715, 302]</P>
    <P Name="ZOrder">52</P>
    <P Name="RequestExecContextInheritance">off</P>
    <System Ref="system_106"/>
  </Block>
  <Block BlockType="SubSystem" Name="Speed Filter" SID="27">
    <P Name="Ports">[1, 1]</P>
    <P Name="Position">[750, 474, 920, 556]</P>
    <P Name="ZOrder">19</P>
    <P Name="BlockMirror">on</P>
    <P Name="NameLocation">top</P>
    <P Name="RequestExecContextInheritance">off</P>
    <Port>
      <P Name="PortNumber">1</P>
      <P Name="Name">wl_meas</P>
    </Port>
    <System Ref="system_27"/>
  </Block>
  <Block BlockType="SubSystem" Name="Subsystem" SID="23">
    <P Name="Ports">[1, 3]</P>
    <P Name="Position">[1260, 201, 1465, 329]</P>
    <P Name="ZOrder">18</P>
    <P Name="RequestExecContextInheritance">off</P>
    <Port>
      <P Name="PortNumber">1</P>
      <P Name="Name">thl</P>
    </Port>
    <Port>
      <P Name="PortNumber">2</P>
      <P Name="Name">wl</P>
    </Port>
    <System Ref="system_23"/>
  </Block>
  <Block BlockType="Sum" Name="Sum" SID="105">
    <P Name="Ports">[2, 1]</P>
    <P Name="Position">[515, 255, 535, 275]</P>
    <P Name="ZOrder">51</P>
    <P Name="Inputs">|+-</P>
  </Block>
  <Block BlockType="Terminator" Name="Terminator" SID="20">
    <P Name="Position">[1560, 205, 1595, 245]</P>
    <P Name="ZOrder">15</P>
  </Block>
  <Block BlockType="Terminator" Name="Terminator1" SID="21">
    <P Name="Position">[1560, 245, 1595, 285]</P>
    <P Name="ZOrder">16</P>
  </Block>
  <Block BlockType="Terminator" Name="Terminator3" SID="91">
    <P Name="Position">[1560, 285, 1595, 325]</P>
    <P Name="ZOrder">35</P>
  </Block>
  <Block BlockType="ToWorkspace" Name="To Workspace" SID="75">
    <P Name="Ports">[1]</P>
    <P Name="Position">[455, 789, 595, 821]</P>
    <P Name="ZOrder">21</P>
    <P Name="VariableName">thl</P>
    <P Name="MaxDataPoints">inf</P>
    <P Name="SaveFormat">Timeseries</P>
    <P Name="Save2DSignal">2-D array (concatenate along first dimension)</P>
    <P Name="SampleTime">-1</P>
  </Block>
  <Block BlockType="ToWorkspace" Name="To Workspace1" SID="79">
    <P Name="Ports">[1]</P>
    <P Name="Position">[455, 879, 595, 911]</P>
    <P Name="ZOrder">25</P>
    <P Name="VariableName">wl_meas</P>
    <P Name="MaxDataPoints">inf</P>
    <P Name="SaveFormat">Timeseries</P>
    <P Name="Save2DSignal">2-D array (concatenate along first dimension)</P>
    <P Name="SampleTime">-1</P>
  </Block>
  <Block BlockType="ToWorkspace" Name="To Workspace2" SID="80">
    <P Name="Ports">[1]</P>
    <P Name="Position">[455, 924, 595, 956]</P>
    <P Name="ZOrder">26</P>
    <P Name="VariableName">u</P>
    <P Name="MaxDataPoints">inf</P>
    <P Name="SaveFormat">Timeseries</P>
    <P Name="Save2DSignal">2-D array (concatenate along first dimension)</P>
    <P Name="SampleTime">-1</P>
  </Block>
  <Block BlockType="ToWorkspace" Name="To Workspace3" SID="81">
    <P Name="Ports">[1]</P>
    <P Name="Position">[455, 969, 595, 1001]</P>
    <P Name="ZOrder">27</P>
    <P Name="VariableName">ia</P>
    <P Name="MaxDataPoints">inf</P>
    <P Name="SaveFormat">Timeseries</P>
    <P Name="Save2DSignal">2-D array (concatenate along first dimension)</P>
    <P Name="SampleTime">-1</P>
  </Block>
  <Block BlockType="ToWorkspace" Name="To Workspace4" SID="96">
    <P Name="Ports">[1]</P>
    <P Name="Position">[455, 744, 595, 776]</P>
    <P Name="ZOrder">39</P>
    <P Name="VariableName">wl_ref</P>
    <P Name="MaxDataPoints">inf</P>
    <P Name="SaveFormat">Timeseries</P>
    <P Name="Save2DSignal">2-D array (concatenate along first dimension)</P>
    <P Name="SampleTime">-1</P>
  </Block>
  <Block BlockType="ToWorkspace" Name="To Workspace5" SID="101">
    <P Name="Ports">[1]</P>
    <P Name="Position">[455, 834, 595, 866]</P>
    <P Name="ZOrder">46</P>
    <P Name="VariableName">thl_meas</P>
    <P Name="MaxDataPoints">inf</P>
    <P Name="SaveFormat">Timeseries</P>
    <P Name="Save2DSignal">2-D array (concatenate along first dimension)</P>
    <P Name="SampleTime">-1</P>
  </Block>
  <Block BlockType="ToWorkspace" Name="To Workspace6" SID="117">
    <P Name="Ports">[1]</P>
    <P Name="Position">[455, 699, 595, 731]</P>
    <P Name="ZOrder">54</P>
    <P Name="VariableName">e</P>
    <P Name="MaxDataPoints">inf</P>
    <P Name="SaveFormat">Timeseries</P>
    <P Name="Save2DSignal">2-D array (concatenate along first dimension)</P>
    <P Name="SampleTime">-1</P>
  </Block>
  <Block BlockType="SubSystem" Name="Voltage driver" SID="4">
    <P Name="Ports">[1, 1]</P>
    <P Name="Position">[995, 226, 1165, 304]</P>
    <P Name="ZOrder">4</P>
    <P Name="RequestExecContextInheritance">off</P>
    <Port>
      <P Name="PortNumber">1</P>
      <P Name="Name">udrv</P>
    </Port>
    <System Ref="system_4"/>
  </Block>
  <Block BlockType="Gain" Name="pulse2deg" SID="19">
    <P Name="Position">[1080, 492, 1115, 538]</P>
    <P Name="ZOrder">14</P>
    <P Name="BlockMirror">on</P>
    <P Name="NameLocation">top</P>
    <P Name="Gain">sens.enc.pulse2deg</P>
    <Port>
      <P Name="PortNumber">1</P>
      <P Name="Name">thl_meas</P>
    </Port>
  </Block>
  <Line>
    <P Name="Name">u</P>
    <P Name="ZOrder">8</P>
    <P Name="Src">10#out:1</P>
    <P Name="Points">[9, 0]</P>
    <Branch>
      <P Name="ZOrder">33</P>
      <P Name="Points">[0, -65]</P>
      <P Name="Dst">85#in:1</P>
    </Branch>
    <Branch>
      <P Name="ZOrder">32</P>
      <P Name="Labels">[1, 1]</P>
      <P Name="Dst">4#in:1</P>
    </Branch>
  </Line>
  <Line>
    <P Name="ZOrder">13</P>
    <P Name="Src">16#out:1</P>
    <P Name="Dst">19#in:1</P>
  </Line>
  <Line>
    <P Name="Name">udrv</P>
    <P Name="ZOrder">14</P>
    <P Name="Labels">[1, 1]</P>
    <P Name="Src">4#out:1</P>
    <P Name="Dst">23#in:1</P>
  </Line>
  <Line>
    <P Name="Name">wl</P>
    <P Name="ZOrder">15</P>
    <P Name="Labels">[-1, 0]</P>
    <P Name="Src">23#out:2</P>
    <P Name="Points">[90, 0]</P>
    <P Name="Dst">21#in:1</P>
  </Line>
  <Line>
    <P Name="Name">thl</P>
    <P Name="ZOrder">16</P>
    <P Name="Src">23#out:1</P>
    <P Name="Points">[9, 0]</P>
    <Branch>
      <P Name="ZOrder">34</P>
      <P Name="Points">[30, 0]</P>
      <Branch>
        <P Name="ZOrder">85</P>
        <P Name="Points">[51, 0]</P>
        <P Name="Dst">20#in:1</P>
      </Branch>
      <Branch>
        <P Name="ZOrder">37</P>
        <P Name="Labels">[1, 1]</P>
        <P Name="Points">[0, 290]</P>
        <P Name="Dst">16#in:1</P>
      </Branch>
    </Branch>
    <Branch>
      <P Name="ZOrder">27</P>
      <P Name="Points">[0, -50]</P>
      <P Name="Dst">83#in:1</P>
    </Branch>
  </Line>
  <Line>
    <P Name="Name">thl_meas</P>
    <P Name="ZOrder">22</P>
    <P Name="Src">19#out:1</P>
    <P Name="Points">[-37, 0]</P>
    <Branch>
      <P Name="ZOrder">67</P>
      <P Name="Points">[0, 60]</P>
      <P Name="Dst">99#in:1</P>
    </Branch>
    <Branch>
      <P Name="ZOrder">66</P>
      <P Name="Labels">[1, 1]</P>
      <P Name="Dst">27#in:1</P>
    </Branch>
  </Line>
  <Line>
    <P Name="Name">wl_meas</P>
    <P Name="ZOrder">23</P>
    <P Name="Src">27#out:1</P>
    <P Name="Points">[-15, 0]</P>
    <Branch>
      <P Name="ZOrder">79</P>
      <P Name="Labels">[1, 1]</P>
      <P Name="Points">[-205, 0; 0, -240]</P>
      <P Name="Dst">105#in:2</P>
    </Branch>
    <Branch>
      <P Name="ZOrder">49</P>
      <P Name="Points">[0, 70]</P>
      <P Name="Dst">84#in:1</P>
    </Branch>
  </Line>
  <Line>
    <P Name="ZOrder">38</P>
    <P Name="Src">23#out:3</P>
    <P Name="Points">[10, 0]</P>
    <Branch>
      <P Name="ZOrder">72</P>
      <P Name="Points">[80, 0]</P>
      <P Name="Dst">91#in:1</P>
    </Branch>
    <Branch>
      <P Name="ZOrder">40</P>
      <P Name="Dst">93#in:1</P>
    </Branch>
  </Line>
  <Line>
    <P Name="ZOrder">41</P>
    <P Name="Src">82#out:1</P>
    <P Name="Dst">75#in:1</P>
  </Line>
  <Line>
    <P Name="ZOrder">42</P>
    <P Name="Src">87#out:1</P>
    <P Name="Dst">79#in:1</P>
  </Line>
  <Line>
    <P Name="ZOrder">43</P>
    <P Name="Src">89#out:1</P>
    <P Name="Dst">81#in:1</P>
  </Line>
  <Line>
    <P Name="ZOrder">44</P>
    <P Name="Src">88#out:1</P>
    <P Name="Dst">80#in:1</P>
  </Line>
  <Line>
    <P Name="ZOrder">45</P>
    <P Name="Src">95#out:1</P>
    <P Name="Dst">96#in:1</P>
  </Line>
  <Line>
    <P Name="ZOrder">68</P>
    <P Name="Src">100#out:1</P>
    <P Name="Dst">101#in:1</P>
  </Line>
  <Line>
    <P Name="ZOrder">77</P>
    <P Name="Src">105#out:1</P>
    <P Name="Points">[16, 0]</P>
    <Branch>
      <P Name="ZOrder">81</P>
      <P Name="Points">[0, -65]</P>
      <P Name="Dst">115#in:1</P>
    </Branch>
    <Branch>
      <P Name="ZOrder">80</P>
      <P Name="Dst">106#in:1</P>
    </Branch>
  </Line>
  <Line>
    <P Name="ZOrder">78</P>
    <P Name="Src">106#out:1</P>
    <P Name="Dst">10#in:1</P>
  </Line>
  <Line>
    <P Name="ZOrder">82</P>
    <P Name="Src">116#out:1</P>
    <P Name="Dst">117#in:1</P>
  </Line>
  <Line>
    <P Name="ZOrder">121</P>
    <P Name="Src">119#out:1</P>
    <P Name="Dst">120#in:1</P>
  </Line>
  <Line>
    <P Name="ZOrder">126</P>
    <P Name="Src">120#out:1</P>
    <P Name="Points">[10, 0]</P>
    <Branch>
      <P Name="ZOrder">128</P>
      <P Name="Dst">97#in:1</P>
    </Branch>
    <Branch>
      <P Name="ZOrder">127</P>
      <P Name="Dst">105#in:1</P>
    </Branch>
  </Line>
  <Line>
    <P Name="ZOrder">129</P>
    <P Name="Src">30#out:1</P>
    <P Name="Points">[35, 0; 0, 40]</P>
    <P Name="Dst">120#in:2</P>
  </Line>
  <Line>
    <P Name="ZOrder">130</P>
    <P Name="Src">121#out:1</P>
    <P Name="Dst">120#in:3</P>
  </Line>
  <Line>
    <P Name="ZOrder">132</P>
    <P Name="Src">122#out:1</P>
    <P Name="Dst">123#in:1</P>
  </Line>
  <Line>
    <P Name="ZOrder">133</P>
    <P Name="Src">123#out:1</P>
    <P Name="Points">[38, 0; 0, -40]</P>
    <P Name="Dst">120#in:4</P>
  </Line>
</System>
