<?xml version="1.0" encoding="utf-8"?>
<System>
  <P Name="Location">[0, 25, 1920, 993]</P>
  <P Name="SystemRect">[0.000000, 0.000000, 0.000000, 0.000000]</P>
  <P Name="SetExecutionDomain">off</P>
  <P Name="ExecutionDomainType">Deduce</P>
  <P Name="ZoomFactor">125</P>
  <P Name="SimulinkSubDomain">Simulink</P>
  <Block BlockType="Inport" Name="udrv [V]" SID="24">
    <P Name="Position">[-55, 193, -25, 207]</P>
    <P Name="ZOrder">-1</P>
  </Block>
  <Block BlockType="TransferFcn" Name="Electrical dynamics" SID="33">
    <P Name="Position">[95, 167, 310, 233]</P>
    <P Name="ZOrder">5</P>
    <P Name="Denominator">[mot.L (mot.R+sens.curr.Rs)]</P>
    <Port>
      <P Name="PortNumber">1</P>
      <P Name="Name">ia</P>
    </Port>
  </Block>
  <Block BlockType="Gain" Name="Gain" SID="32">
    <P Name="Position">[1145, 295, 1175, 325]</P>
    <P Name="ZOrder">4</P>
    <P Name="Gain">rads2rpm</P>
  </Block>
  <Block BlockType="Gain" Name="Gain2" SID="38">
    <P Name="Position">[980, 185, 1010, 215]</P>
    <P Name="ZOrder">9</P>
    <P Name="BackgroundColor">red</P>
    <P Name="Gain">1/gbox.N</P>
    <Port>
      <P Name="PortNumber">1</P>
      <P Name="Name">wl</P>
    </Port>
  </Block>
  <Block BlockType="Gain" Name="Gain3" SID="39">
    <P Name="Position">[425, 105, 455, 135]</P>
    <P Name="ZOrder">10</P>
    <P Name="BlockRotation">270</P>
    <P Name="BlockMirror">on</P>
    <P Name="BackgroundColor">red</P>
    <P Name="NameLocation">left</P>
    <P Name="Gain">1/gbox.N</P>
  </Block>
  <Block BlockType="Integrator" Name="Integrator" SID="1">
    <P Name="Ports">[1, 1]</P>
    <P Name="Position">[1070, 185, 1100, 215]</P>
    <P Name="ZOrder">2</P>
  </Block>
  <Block BlockType="TransferFcn" Name="Mechanical dynamics" SID="35">
    <P Name="Position">[535, 138, 895, 262]</P>
    <P Name="ZOrder">6</P>
    <P Name="BackgroundColor">automatic</P>
    <P Name="Denominator">[(mot.J+mld.J/gbox.N^2) mld.Beq]</P>
    <Port>
      <P Name="PortNumber">1</P>
      <P Name="Name">wm</P>
    </Port>
  </Block>
  <Block BlockType="Signum" Name="Sign" SID="41">
    <P Name="Position">[675, 35, 705, 65]</P>
    <P Name="ZOrder">12</P>
    <P Name="BlockMirror">on</P>
    <P Name="NameLocation">top</P>
  </Block>
  <Block BlockType="Sum" Name="Sum" SID="37">
    <P Name="Ports">[2, 1]</P>
    <P Name="Position">[430, 190, 450, 210]</P>
    <P Name="ZOrder">8</P>
    <P Name="Inputs">-+|</P>
  </Block>
  <Block BlockType="Sum" Name="Sum1" SID="43">
    <P Name="Ports">[2, 1]</P>
    <P Name="Position">[35, 190, 55, 210]</P>
    <P Name="ZOrder">13</P>
    <P Name="Inputs">|+-</P>
  </Block>
  <Block BlockType="Gain" Name="ke" SID="44">
    <P Name="Position">[350, 295, 380, 325]</P>
    <P Name="ZOrder">14</P>
    <P Name="BlockMirror">on</P>
    <P Name="NameLocation">top</P>
    <P Name="Gain">mot.Ke</P>
    <Port>
      <P Name="PortNumber">1</P>
      <P Name="Name">ue</P>
    </Port>
  </Block>
  <Block BlockType="Gain" Name="kt" SID="36">
    <P Name="Position">[350, 185, 380, 215]</P>
    <P Name="ZOrder">7</P>
    <P Name="Gain">mot.Kt</P>
    <Port>
      <P Name="PortNumber">1</P>
      <P Name="Name">taum</P>
    </Port>
  </Block>
  <Block BlockType="Gain" Name="rad2deg" SID="31">
    <P Name="Position">[1145, 185, 1175, 215]</P>
    <P Name="ZOrder">3</P>
    <P Name="Gain">rad2deg</P>
  </Block>
  <Block BlockType="Gain" Name="stat. fric. amp." SID="40">
    <P Name="Position">[595, 35, 625, 65]</P>
    <P Name="ZOrder">11</P>
    <P Name="BlockMirror">on</P>
    <P Name="NameLocation">top</P>
    <P Name="Gain">mld.tausf</P>
  </Block>
  <Block BlockType="Outport" Name="thl [deg]" SID="25">
    <P Name="Position">[1220, 193, 1250, 207]</P>
    <P Name="ZOrder">-2</P>
  </Block>
  <Block BlockType="Outport" Name="wl [rpm]" SID="26">
    <P Name="Position">[1220, 303, 1250, 317]</P>
    <P Name="ZOrder">1</P>
    <P Name="Port">2</P>
  </Block>
  <Block BlockType="Outport" Name="ia [A]" SID="90">
    <P Name="Position">[313, 70, 327, 100]</P>
    <P Name="ZOrder">32</P>
    <P Name="BlockRotation">270</P>
    <P Name="NameLocation">right</P>
    <P Name="Port">3</P>
  </Block>
  <Line>
    <P Name="ZOrder">2</P>
    <P Name="Src">31#out:1</P>
    <P Name="Dst">25#in:1</P>
  </Line>
  <Line>
    <P Name="ZOrder">3</P>
    <P Name="Src">1#out:1</P>
    <P Name="Dst">31#in:1</P>
  </Line>
  <Line>
    <P Name="ZOrder">4</P>
    <P Name="Src">32#out:1</P>
    <P Name="Dst">26#in:1</P>
  </Line>
  <Line>
    <P Name="Name">taum</P>
    <P Name="ZOrder">5</P>
    <P Name="Labels">[1, 1]</P>
    <P Name="Src">36#out:1</P>
    <P Name="Dst">37#in:2</P>
  </Line>
  <Line>
    <P Name="ZOrder">6</P>
    <P Name="Src">37#out:1</P>
    <P Name="Dst">35#in:1</P>
  </Line>
  <Line>
    <P Name="Name">ia</P>
    <P Name="ZOrder">7</P>
    <P Name="Src">33#out:1</P>
    <P Name="Points">[5, 0]</P>
    <Branch>
      <P Name="ZOrder">35</P>
      <P Name="Labels">[1, 1]</P>
      <P Name="Dst">36#in:1</P>
    </Branch>
    <Branch>
      <P Name="ZOrder">34</P>
      <P Name="Dst">90#in:1</P>
    </Branch>
  </Line>
  <Line>
    <P Name="Name">wm</P>
    <P Name="ZOrder">8</P>
    <P Name="Labels">[1, 1]</P>
    <P Name="Src">35#out:1</P>
    <P Name="Points">[58, 0]</P>
    <Branch>
      <P Name="ZOrder">30</P>
      <P Name="Points">[0, 110]</P>
      <P Name="Dst">44#in:1</P>
    </Branch>
    <Branch>
      <P Name="ZOrder">28</P>
      <P Name="Dst">38#in:1</P>
    </Branch>
  </Line>
  <Line>
    <P Name="Name">wl</P>
    <P Name="ZOrder">9</P>
    <P Name="Src">38#out:1</P>
    <P Name="Points">[6, 0]</P>
    <Branch>
      <P Name="ZOrder">17</P>
      <P Name="Points">[0, -150]</P>
      <P Name="Dst">41#in:1</P>
    </Branch>
    <Branch>
      <P Name="ZOrder">16</P>
      <P Name="Points">[16, 0]</P>
      <Branch>
        <P Name="ZOrder">11</P>
        <P Name="Points">[0, 110]</P>
        <P Name="Dst">32#in:1</P>
      </Branch>
      <Branch>
        <P Name="ZOrder">10</P>
        <P Name="Labels">[1, 1]</P>
        <P Name="Dst">1#in:1</P>
      </Branch>
    </Branch>
  </Line>
  <Line>
    <P Name="ZOrder">15</P>
    <P Name="Src">41#out:1</P>
    <P Name="Dst">40#in:1</P>
  </Line>
  <Line>
    <P Name="ZOrder">18</P>
    <P Name="Src">40#out:1</P>
    <P Name="Points">[-150, 0]</P>
    <P Name="Dst">39#in:1</P>
  </Line>
  <Line>
    <P Name="ZOrder">19</P>
    <P Name="Src">43#out:1</P>
    <P Name="Dst">33#in:1</P>
  </Line>
  <Line>
    <P Name="Name">ue</P>
    <P Name="ZOrder">22</P>
    <P Name="Labels">[1, 1]</P>
    <P Name="Src">44#out:1</P>
    <P Name="Points">[-300, 0]</P>
    <P Name="Dst">43#in:2</P>
  </Line>
  <Line>
    <P Name="ZOrder">23</P>
    <P Name="Src">24#out:1</P>
    <P Name="Dst">43#in:1</P>
  </Line>
  <Line>
    <P Name="ZOrder">31</P>
    <P Name="Src">39#out:1</P>
    <P Name="Dst">37#in:1</P>
  </Line>
  <Annotation SID="42">
    <P Name="Name">Static Friction
</P>
    <P Name="Position">[571, -19, 748, 97]</P>
    <P Name="InternalMargins">[0, 0, 0, 0]</P>
    <P Name="FixedHeight">on</P>
    <P Name="FixedWidth">on</P>
    <P Name="ForegroundColor">[0.901961, 0.901961, 1.000000]</P>
    <P Name="BackgroundColor">[0.901961, 0.901961, 1.000000]</P>
    <P Name="DropShadow">on</P>
    <P Name="AnnotationType">area_annotation</P>
    <P Name="ZOrder">42</P>
    <P Name="FontSize">12</P>
  </Annotation>
</System>
