<?xml version="1.0" encoding="utf-8"?>
<System>
  <P Name="Location">[0, 25, 1920, 993]</P>
  <P Name="SystemRect">[0.000000, 0.000000, 0.000000, 0.000000]</P>
  <P Name="Open">on</P>
  <P Name="SetExecutionDomain">off</P>
  <P Name="ExecutionDomainType">Deduce</P>
  <P Name="ZoomFactor">175</P>
  <P Name="SimulinkSubDomain">Simulink</P>
  <Block BlockType="Inport" Name="th [deg]" SID="61">
    <P Name="Position">[25, 248, 55, 262]</P>
    <P Name="ZOrder">20</P>
  </Block>
  <Block BlockType="Constant" Name="Constant" SID="62">
    <P Name="Position">[555, 190, 585, 220]</P>
    <P Name="ZOrder">27</P>
    <P Name="Value">2</P>
  </Block>
  <Block BlockType="Delay" Name="Delay" SID="74">
    <P Name="Ports">[1, 1]</P>
    <P Name="Position">[240, 393, 275, 427]</P>
    <P Name="ZOrder">29</P>
    <P Name="InputPortMap">u0</P>
    <P Name="DelayLength">10</P>
    <P Name="InitialCondition">0</P>
  </Block>
  <Block BlockType="Gain" Name="Gain" SID="63">
    <P Name="Position">[405, 340, 435, 370]</P>
    <P Name="ZOrder">24</P>
    <P Name="Gain">1/(1e-2)</P>
  </Block>
  <Block BlockType="MultiPortSwitch" Name="Multiport&#xA;Switch" SID="64">
    <P Name="Ports">[4, 1]</P>
    <P Name="Position">[615, 193, 650, 292]</P>
    <P Name="ZOrder">26</P>
    <P Name="InputSameDT">off</P>
    <P Name="SaturateOnIntegerOverflow">off</P>
  </Block>
  <Block BlockType="Sum" Name="Sum" SID="65">
    <P Name="Ports">[2, 1]</P>
    <P Name="Position">[320, 345, 340, 365]</P>
    <P Name="ZOrder">23</P>
    <P Name="Inputs">|+-</P>
  </Block>
  <Block BlockType="TransferFcn" Name="Transfer Fcn" SID="67">
    <P Name="Position">[235, 114, 395, 166]</P>
    <P Name="ZOrder">21</P>
    <P Name="Numerator">[1 0]</P>
    <P Name="Denominator">[filt.Tc 1]</P>
  </Block>
  <Block BlockType="TransferFcn" Name="Transfer Fcn1" SID="68">
    <P Name="Position">[160, 219, 475, 291]</P>
    <P Name="ZOrder">22</P>
    <P Name="Numerator">[filt.omega^2 0]</P>
    <P Name="Denominator">[1 2*filt.delta*filt.omega filt.omega^2]</P>
  </Block>
  <Block BlockType="Gain" Name="degs2rpm" SID="69">
    <P Name="Position">[725, 230, 755, 260]</P>
    <P Name="ZOrder">28</P>
    <P Name="Gain">degs2rpm</P>
  </Block>
  <Block BlockType="Outport" Name="w [rpm]" SID="70">
    <P Name="Position">[825, 238, 855, 252]</P>
    <P Name="ZOrder">19</P>
  </Block>
  <Line>
    <P Name="ZOrder">20</P>
    <P Name="Src">69#out:1</P>
    <P Name="Dst">70#in:1</P>
  </Line>
  <Line>
    <P Name="ZOrder">21</P>
    <P Name="Src">68#out:1</P>
    <P Name="Dst">64#in:3</P>
  </Line>
  <Line>
    <P Name="ZOrder">22</P>
    <P Name="Src">64#out:1</P>
    <P Name="Dst">69#in:1</P>
  </Line>
  <Line>
    <P Name="ZOrder">23</P>
    <P Name="Src">63#out:1</P>
    <P Name="Points">[105, 0; 0, -75]</P>
    <P Name="Dst">64#in:4</P>
  </Line>
  <Line>
    <P Name="ZOrder">35</P>
    <P Name="Src">74#out:1</P>
    <P Name="Points">[50, 0]</P>
    <P Name="Dst">65#in:2</P>
  </Line>
  <Line>
    <P Name="ZOrder">25</P>
    <P Name="Src">65#out:1</P>
    <P Name="Dst">63#in:1</P>
  </Line>
  <Line>
    <P Name="ZOrder">26</P>
    <P Name="Src">62#out:1</P>
    <P Name="Dst">64#in:1</P>
  </Line>
  <Line>
    <P Name="ZOrder">27</P>
    <P Name="Src">67#out:1</P>
    <P Name="Points">[129, 0; 0, 90]</P>
    <P Name="Dst">64#in:2</P>
  </Line>
  <Line>
    <P Name="ZOrder">33</P>
    <P Name="Src">61#out:1</P>
    <P Name="Points">[56, 0]</P>
    <Branch>
      <P Name="ZOrder">32</P>
      <P Name="Points">[0, 100; 90, 0]</P>
      <Branch>
        <P Name="ZOrder">34</P>
        <P Name="Points">[0, 55]</P>
        <P Name="Dst">74#in:1</P>
      </Branch>
      <Branch>
        <P Name="ZOrder">30</P>
        <P Name="Dst">65#in:1</P>
      </Branch>
    </Branch>
    <Branch>
      <P Name="ZOrder">29</P>
      <P Name="Points">[0, -115]</P>
      <P Name="Dst">67#in:1</P>
    </Branch>
    <Branch>
      <P Name="ZOrder">28</P>
      <P Name="Dst">68#in:1</P>
    </Branch>
  </Line>
  <Annotation SID="71">
    <P Name="Name">Filtro passa alto - tempo discreto
</P>
    <P Name="Position">[187, 325, 447, 443]</P>
    <P Name="InternalMargins">[0, 0, 0, 0]</P>
    <P Name="FixedHeight">on</P>
    <P Name="FixedWidth">on</P>
    <P Name="ForegroundColor">[0.901961, 0.901961, 1.000000]</P>
    <P Name="BackgroundColor">[0.901961, 0.901961, 1.000000]</P>
    <P Name="DropShadow">on</P>
    <P Name="AnnotationType">area_annotation</P>
    <P Name="ZOrder">27</P>
    <P Name="FontSize">12</P>
  </Annotation>
  <Annotation SID="72">
    <P Name="Name">Filtro del secondo ordine - tempo continuo

</P>
    <P Name="Position">[147, 196, 502, 316]</P>
    <P Name="InternalMargins">[0, 0, 0, 0]</P>
    <P Name="FixedWidth">on</P>
    <P Name="ForegroundColor">[0.901961, 0.901961, 1.000000]</P>
    <P Name="BackgroundColor">[0.901961, 0.901961, 1.000000]</P>
    <P Name="DropShadow">on</P>
    <P Name="AnnotationType">area_annotation</P>
    <P Name="ZOrder">26</P>
    <P Name="FontSize">12</P>
  </Annotation>
  <Annotation SID="73">
    <P Name="Name">Filtro del primo ordine - tempo continuo
</P>
    <P Name="Position">[195, 86, 439, 185]</P>
    <P Name="InternalMargins">[0, 0, 0, 0]</P>
    <P Name="FixedHeight">on</P>
    <P Name="FixedWidth">on</P>
    <P Name="ForegroundColor">[0.901961, 0.901961, 1.000000]</P>
    <P Name="BackgroundColor">[0.901961, 0.901961, 1.000000]</P>
    <P Name="DropShadow">on</P>
    <P Name="AnnotationType">area_annotation</P>
    <P Name="ZOrder">25</P>
    <P Name="FontSize">12</P>
  </Annotation>
</System>
