<?xml version="1.0" encoding="utf-8"?>
<System>
  <P Name="Location">[0, 25, 1920, 993]</P>
  <P Name="SystemRect">[0.000000, 0.000000, 0.000000, 0.000000]</P>
  <P Name="SetExecutionDomain">off</P>
  <P Name="ExecutionDomainType">Deduce</P>
  <P Name="SimulinkSubDomain">Simulink</P>
  <Block BlockType="Inport" Name="In" SID="11">
    <P Name="Position">[20, 48, 50, 62]</P>
    <P Name="ZOrder">8</P>
  </Block>
  <Block BlockType="Quantizer" Name="Quantizer" SID="8">
    <P Name="Position">[235, 20, 305, 90]</P>
    <P Name="ZOrder">6</P>
    <P Name="QuantizationInterval">daq.dac.q</P>
  </Block>
  <Block BlockType="Saturate" Name="Saturation" SID="9">
    <P Name="Position">[395, 22, 470, 88]</P>
    <P Name="ZOrder">7</P>
    <P Name="UpperLimit">10</P>
    <P Name="LowerLimit">-10</P>
  </Block>
  <Block BlockType="ZeroOrderHold" Name="Zero-Order&#xA;Hold" SID="7">
    <P Name="Position">[70, 20, 145, 90]</P>
    <P Name="ZOrder">5</P>
    <P Name="SampleTime">0.001</P>
  </Block>
  <Block BlockType="Outport" Name="Out [V]" SID="12">
    <P Name="Position">[490, 48, 520, 62]</P>
    <P Name="ZOrder">9</P>
  </Block>
  <Line>
    <P Name="ZOrder">8</P>
    <P Name="Src">11#out:1</P>
    <P Name="Dst">7#in:1</P>
  </Line>
  <Line>
    <P Name="ZOrder">4</P>
    <P Name="Src">7#out:1</P>
    <P Name="Dst">8#in:1</P>
  </Line>
  <Line>
    <P Name="ZOrder">9</P>
    <P Name="Src">9#out:1</P>
    <P Name="Dst">12#in:1</P>
  </Line>
  <Line>
    <P Name="ZOrder">5</P>
    <P Name="Src">8#out:1</P>
    <P Name="Dst">9#in:1</P>
  </Line>
</System>
