<?xml version="1.0" encoding="utf-8"?>
<System>
  <P Name="Location">[0, 25, 1920, 993]</P>
  <P Name="SystemRect">[0.000000, 0.000000, 0.000000, 0.000000]</P>
  <P Name="SetExecutionDomain">off</P>
  <P Name="ExecutionDomainType">Deduce</P>
  <P Name="ZoomFactor">200</P>
  <P Name="SimulinkSubDomain">Simulink</P>
  <Block BlockType="Inport" Name="e [rpm]" SID="107">
    <P Name="Position">[-215, 53, -185, 67]</P>
    <P Name="ZOrder">-1</P>
  </Block>
  <Block BlockType="Sum" Name="Add" SID="113">
    <P Name="Ports">[2, 1]</P>
    <P Name="Position">[200, 37, 230, 68]</P>
    <P Name="ZOrder">5</P>
    <P Name="IconShape">rectangular</P>
  </Block>
  <Block BlockType="Gain" Name="Gain" SID="109">
    <P Name="Position">[-120, 45, -90, 75]</P>
    <P Name="ZOrder">1</P>
    <P Name="Gain">rpm2rads</P>
  </Block>
  <Block BlockType="Gain" Name="I" SID="111">
    <P Name="Position">[0, 120, 30, 150]</P>
    <P Name="ZOrder">3</P>
    <P Name="Gain">8.72</P>
  </Block>
  <Block BlockType="Integrator" Name="Integrator" SID="112">
    <P Name="Ports">[1, 1]</P>
    <P Name="Position">[105, 120, 135, 150]</P>
    <P Name="ZOrder">4</P>
  </Block>
  <Block BlockType="Gain" Name="P" SID="110">
    <P Name="Position">[0, -35, 30, -5]</P>
    <P Name="ZOrder">2</P>
    <P Name="Gain">0.056</P>
  </Block>
  <Block BlockType="Saturate" Name="Saturation" SID="114">
    <P Name="Position">[310, 40, 340, 70]</P>
    <P Name="ZOrder">6</P>
    <P Name="UpperLimit">10</P>
    <P Name="LowerLimit">-10</P>
  </Block>
  <Block BlockType="Outport" Name="u [V]" SID="108">
    <P Name="Position">[450, 48, 480, 62]</P>
    <P Name="ZOrder">-2</P>
  </Block>
  <Line>
    <P Name="ZOrder">2</P>
    <P Name="Src">107#out:1</P>
    <P Name="Dst">109#in:1</P>
  </Line>
  <Line>
    <P Name="ZOrder">3</P>
    <P Name="Src">111#out:1</P>
    <P Name="Dst">112#in:1</P>
  </Line>
  <Line>
    <P Name="ZOrder">4</P>
    <P Name="Src">110#out:1</P>
    <P Name="Points">[133, 0; 0, 65]</P>
    <P Name="Dst">113#in:1</P>
  </Line>
  <Line>
    <P Name="ZOrder">5</P>
    <P Name="Src">112#out:1</P>
    <P Name="Points">[28, 0; 0, -75]</P>
    <P Name="Dst">113#in:2</P>
  </Line>
  <Line>
    <P Name="ZOrder">6</P>
    <P Name="Src">113#out:1</P>
    <P Name="Dst">114#in:1</P>
  </Line>
  <Line>
    <P Name="ZOrder">7</P>
    <P Name="Src">114#out:1</P>
    <P Name="Dst">108#in:1</P>
  </Line>
  <Line>
    <P Name="ZOrder">8</P>
    <P Name="Src">109#out:1</P>
    <P Name="Points">[40, 0]</P>
    <Branch>
      <P Name="ZOrder">10</P>
      <P Name="Points">[0, 75]</P>
      <P Name="Dst">111#in:1</P>
    </Branch>
    <Branch>
      <P Name="ZOrder">9</P>
      <P Name="Points">[0, -80]</P>
      <P Name="Dst">110#in:1</P>
    </Branch>
  </Line>
</System>
