<?xml version="1.0" encoding="utf-8"?>
<System>
  <P Name="Location">[0, 0, 1920, 1080]</P>
  <P Name="SystemRect">[0.000000, 0.000000, 0.000000, 0.000000]</P>
  <P Name="SetExecutionDomain">off</P>
  <P Name="ExecutionDomainType">Deduce</P>
  <P Name="SimulinkSubDomain">Simulink</P>
  <Block BlockType="Inport" Name="thl [deg]" SID="17">
    <P Name="Position">[455, 48, 485, 62]</P>
    <P Name="ZOrder">13</P>
    <P Name="BlockMirror">on</P>
  </Block>
  <Block BlockType="Quantizer" Name="Quantizer" SID="14">
    <P Name="Position">[210, 20, 285, 90]</P>
    <P Name="ZOrder">11</P>
    <P Name="BlockMirror">on</P>
    <P Name="NameLocation">top</P>
    <P Name="QuantizationInterval">sens.enc.pulse2deg</P>
  </Block>
  <Block BlockType="ZeroOrderHold" Name="Zero-Order&#xA;Hold" SID="15">
    <P Name="Position">[370, 22, 435, 88]</P>
    <P Name="ZOrder">12</P>
    <P Name="BlockMirror">on</P>
    <P Name="NameLocation">top</P>
    <P Name="SampleTime">0.001</P>
  </Block>
  <Block BlockType="Gain" Name="deg2pulse" SID="13">
    <P Name="Position">[70, 25, 125, 85]</P>
    <P Name="ZOrder">10</P>
    <P Name="BlockMirror">on</P>
    <P Name="NameLocation">top</P>
    <P Name="Gain">sens.enc.deg2pulse</P>
  </Block>
  <Block BlockType="Outport" Name="thl [pulses]" SID="18">
    <P Name="Position">[20, 48, 50, 62]</P>
    <P Name="ZOrder">14</P>
    <P Name="BlockMirror">on</P>
  </Block>
  <Line>
    <P Name="ZOrder">14</P>
    <P Name="Src">13#out:1</P>
    <P Name="Dst">18#in:1</P>
  </Line>
  <Line>
    <P Name="ZOrder">10</P>
    <P Name="Src">14#out:1</P>
    <P Name="Dst">13#in:1</P>
  </Line>
  <Line>
    <P Name="ZOrder">13</P>
    <P Name="Src">17#out:1</P>
    <P Name="Dst">15#in:1</P>
  </Line>
  <Line>
    <P Name="ZOrder">9</P>
    <P Name="Src">15#out:1</P>
    <P Name="Dst">14#in:1</P>
  </Line>
</System>
