<?xml version="1.0" encoding="UTF-8"?>
<sltp_editor version="1.1" packageUris="http://schema.mathworks.com/mf0/DiagramEditor/R2019a_20181107 http://schema.mathworks.com/mf0/SltpSyntax/R2020b_202007092240">
  <sltp.mm.syntax.Context type="sltp.mm.syntax.Context" uuid="ca75a3b9-166a-4c06-96c0-b1ca29747c73">
    <rootGraph type="sltp.mm.syntax.Graph" uuid="9d6ad5d9-9358-465d-9436-18edc3385aee">
      <children type="sltp.mm.syntax.Node" uuid="cd50a7fb-799e-43c7-80b9-2ace327ba201">
        <priority>40</priority>
        <rates type="sltp.mm.syntax.RateData">
          <color>#000000</color>
          <hasBlocks>true</hasBlocks>
          <rate>0</rate>
          <title>Cont</title>
        </rates>
        <rates type="sltp.mm.syntax.RateData">
          <color>#808080</color>
          <hasBlocks>true</hasBlocks>
          <rate>[0, 1]</rate>
          <title>FiM</title>
        </rates>
        <rates type="sltp.mm.syntax.RateData">
          <color>#e60000</color>
          <hasBlocks>true</hasBlocks>
          <rate>0.001</rate>
          <title>D1</title>
        </rates>
        <rates type="sltp.mm.syntax.RateData">
          <color>#00d100</color>
          <hasBlocks>true</hasBlocks>
          <rate>1</rate>
          <title>D2</title>
        </rates>
        <rates type="sltp.mm.syntax.RateData">
          <color>#0000cc</color>
          <hasBlocks>true</hasBlocks>
          <rate>1.5</rate>
          <title>D3</title>
        </rates>
        <rates type="sltp.mm.syntax.RateData">
          <color>#61bdfc</color>
          <hasBlocks>true</hasBlocks>
          <rate>5</rate>
          <title>D4</title>
        </rates>
        <title>Cont</title>
        <type>base</type>
        <diagramElement type="diagram.editor.model.Entity" uuid="1896708f-1fc3-4915-8c94-590aff4c42fc"/>
        <subgraph type="sltp.mm.syntax.Graph" uuid="b27a4ee8-ce16-45a2-869e-8de084003dc6">
          <title>Cont</title>
          <diagramElement type="diagram.editor.model.Diagram" uuid="41a432be-c045-40d7-9950-2ced3ce7ac16"/>
        </subgraph>
      </children>
      <title>Default</title>
      <diagramElement type="diagram.editor.model.Diagram" uuid="7046de32-678c-445f-8b12-bc9814811d25"/>
    </rootGraph>
  </sltp.mm.syntax.Context>
  <diagram.editor.model.Diagram type="diagram.editor.model.Diagram" uuid="7046de32-678c-445f-8b12-bc9814811d25">
    <entities type="diagram.editor.model.Entity" uuid="1896708f-1fc3-4915-8c94-590aff4c42fc">
      <position>0,0</position>
      <size>0,0,0,0</size>
      <syntaxElement type="sltp.mm.syntax.Node" uuid="cd50a7fb-799e-43c7-80b9-2ace327ba201"/>
      <title>Cont</title>
      <type>base</type>
      <subDiagram type="diagram.editor.model.Diagram" uuid="41a432be-c045-40d7-9950-2ced3ce7ac16">
        <position>0,0</position>
        <syntaxElement type="sltp.mm.syntax.Graph" uuid="b27a4ee8-ce16-45a2-869e-8de084003dc6"/>
        <title>Cont</title>
        <type>graph.Graph</type>
      </subDiagram>
    </entities>
    <syntaxElement type="sltp.mm.syntax.Graph" uuid="9d6ad5d9-9358-465d-9436-18edc3385aee"/>
    <title>Default</title>
    <type>graph.Graph</type>
  </diagram.editor.model.Diagram>
</sltp_editor>