<?xml version="1.0" encoding="UTF-8"?>
<sltp_graph version="1.1" packageUris="http://schema.mathworks.com/mf0/sltp_mm/R2021a_202009111111">
  <sltp.mm.core.Context type="sltp.mm.core.Context" uuid="03fae461-df61-4296-aa7d-b5b088bbbccd">
    <priorityDirection>HighNumberLast</priorityDirection>
    <editorState type="sltp.mm.core.EditorState" uuid="3429ef35-ff8f-40e9-9e53-88ef0319603d">
      <isSynchronized>true</isSynchronized>
      <panelState type="sltp.mm.core.EditorPanelState" uuid="4d0a93cc-e9a0-4489-8f2d-c729ee71b0ac"/>
    </editorState>
    <rootTask type="sltp.mm.core.Task" uuid="d6eaa5d8-1391-450b-a42e-f248fd5461ce">
      <context type="sltp.mm.core.Context" uuid="03fae461-df61-4296-aa7d-b5b088bbbccd"/>
      <explicit>false</explicit>
      <name>Default</name>
      <priority>-2147483648</priority>
      <subgraph type="sltp.mm.core.Graph" uuid="cb924f84-df83-4bd3-bec5-0427d1a36a2f">
        <tasks type="sltp.mm.core.Task" uuid="b2a67d72-60fc-4324-a9a4-a2a052d4e598">
          <baseTask>true</baseTask>
          <context type="sltp.mm.core.Context" uuid="03fae461-df61-4296-aa7d-b5b088bbbccd"/>
          <explicit>false</explicit>
          <id>1</id>
          <isTimed>true</isTimed>
          <name>Cont</name>
          <priority>40</priority>
          <rates type="sltp.mm.core.Rate" uuid="fee1dede-8c79-4d93-814d-0ffbe3890dad">
            <annotation>Cont</annotation>
            <color>255</color>
            <hasBlocks>true</hasBlocks>
            <identifier>Continuous00</identifier>
            <rateSpec type="sltp.mm.core.RateSpec">
              <period>0.0</period>
            </rateSpec>
            <sti>0</sti>
          </rates>
          <rates type="sltp.mm.core.Rate" uuid="71d71b7d-daf3-4cc5-bc38-71e2d79add44">
            <annotation>FiM</annotation>
            <color>-2139062017</color>
            <hasBlocks>true</hasBlocks>
            <rateSpec type="sltp.mm.core.RateSpec">
              <offset>1.0</offset>
              <period>0.0</period>
            </rateSpec>
            <sti>1</sti>
          </rates>
          <rates type="sltp.mm.core.Rate" uuid="2907c229-803e-41ab-a178-269a820bac6b">
            <annotation>D1</annotation>
            <color>-436207361</color>
            <hasBlocks>true</hasBlocks>
            <rateSpec type="sltp.mm.core.RateSpec">
              <period>.001</period>
            </rateSpec>
            <sti>2</sti>
          </rates>
          <rates type="sltp.mm.core.Rate" uuid="7c9354a0-5b80-4345-86ce-086020e13460">
            <annotation>D2</annotation>
            <color>13697279</color>
            <hasBlocks>true</hasBlocks>
            <rateSpec type="sltp.mm.core.RateSpec">
              <period>1.0</period>
            </rateSpec>
            <sti>3</sti>
          </rates>
          <rates type="sltp.mm.core.Rate" uuid="fdb2645c-2bdf-45d8-b3a5-2d9f1a5c5706">
            <annotation>D3</annotation>
            <color>52479</color>
            <hasBlocks>true</hasBlocks>
            <rateSpec type="sltp.mm.core.RateSpec">
              <period>1.5</period>
            </rateSpec>
            <sti>4</sti>
          </rates>
          <rates type="sltp.mm.core.Rate" uuid="b7c34882-8e1d-4205-bbb4-d6833ccf479a">
            <annotation>D4</annotation>
            <color>1639841023</color>
            <hasBlocks>true</hasBlocks>
            <rateSpec type="sltp.mm.core.RateSpec">
              <period>5.0</period>
            </rateSpec>
            <sti>5</sti>
          </rates>
        </tasks>
      </subgraph>
    </rootTask>
  </sltp.mm.core.Context>
</sltp_graph>