<?xml version="1.0" encoding="UTF-8"?>
<sltp_graph version="1.1" packageUris="http://schema.mathworks.com/mf0/sltp_mm/R2020b_202003251737">
  <sltp.mm.core.Context type="sltp.mm.core.Context" uuid="4c3c6f44-6c5c-4e07-8bce-8943db2866e3">
    <priorityDirection>HighNumberLast</priorityDirection>
    <unusedTaskIds>1</unusedTaskIds>
    <editorState type="sltp.mm.core.EditorState" uuid="7c09ce62-97fa-4f90-81c8-381fea60607b">
      <isSynchronized>true</isSynchronized>
    </editorState>
    <rootTask type="sltp.mm.core.Task" uuid="1724827d-0483-4d29-adf6-cdd609e93057">
      <context type="sltp.mm.core.Context" uuid="4c3c6f44-6c5c-4e07-8bce-8943db2866e3"/>
      <explicit>false</explicit>
      <name>Default</name>
      <priority>-2147483648</priority>
      <subgraph type="sltp.mm.core.Graph" uuid="efbd24ae-744e-4082-8e82-0bd36bf1f26e">
        <tasks type="sltp.mm.core.Task" uuid="acc7aaf3-e5df-40f6-9a97-2b246ecb9399">
          <baseTask>true</baseTask>
          <context type="sltp.mm.core.Context" uuid="4c3c6f44-6c5c-4e07-8bce-8943db2866e3"/>
          <explicit>false</explicit>
          <id>2</id>
          <isTimed>true</isTimed>
          <name>Cont</name>
          <priority>40</priority>
          <rates type="sltp.mm.core.Rate" uuid="065ca128-26ff-4860-960f-4b27f94269ed">
            <annotation>Cont</annotation>
            <color>255</color>
            <hasBlocks>true</hasBlocks>
            <rateSpec type="sltp.mm.core.RateSpec">
              <period>0.0</period>
            </rateSpec>
            <sti>0</sti>
          </rates>
          <rates type="sltp.mm.core.Rate" uuid="0d5ca9d3-fd21-4bda-8961-0a990e8c10bc">
            <annotation>D1</annotation>
            <color>-436207361</color>
            <hasBlocks>true</hasBlocks>
            <rateSpec type="sltp.mm.core.RateSpec">
              <period>.001</period>
            </rateSpec>
            <sti>1</sti>
          </rates>
          <rates type="sltp.mm.core.Rate" uuid="b0ddbec9-2f73-4eb1-b6c9-5e015f209687">
            <annotation>D2</annotation>
            <color>13697279</color>
            <hasBlocks>true</hasBlocks>
            <rateSpec type="sltp.mm.core.RateSpec">
              <period>.02</period>
            </rateSpec>
            <sti>2</sti>
          </rates>
        </tasks>
      </subgraph>
    </rootTask>
  </sltp.mm.core.Context>
</sltp_graph>